id,firstName,lastName,nickname
1,Logan,Gonzalez,logan_gonzalez_1
2,Mia,Hernandez,mia123
3,Elijah,Martinez,elijah_martinez_3
4,Emma,Smith,emma_smith_4
5,Ava,Taylor,ava_taylor_5
6,Sophia,Taylor,sophia_taylor_6
7,Jackson,Lopez,jackson_lopez_7
8,Emma,Gonzalez,emma_gonzalez_8
9,Mia,Lopez,mia_lopez_9
10,Isabella,Garcia,isabella_garcia_10
11,Evelyn,Davis,evelyn_davis_11
12,Lucas,Gonzalez,lucas_gonzalez_12
13,Ava,Martin,ava_martin_13
14,Mason,Johnson,mason_johnson_14
15,James,Rodriguez,james_rodriguez_15
16,Sophia,Jones,sophia_jones_16
17,Charlotte,Smith,charlotte_smith_17
18,Evelyn,Wilson,evelyn_wilson_18
19,Elijah,Taylor,elijah_taylor_19
20,Logan,Brown,logan_brown_20
21,Beni,Cirmena,encore24
22,Daniel,Reiter,Ginko
